loc,cyclomatic_complexity,num_statements,num_returns,num_assigns,num_calls,num_if,num_for,num_while,max_nesting_depth,constant_ratio,string_ratio,comment_ratio,decorator_count,has_fastapi_decorator,name_flag,path_util_signal,path_core_signal,uses_request,uses_response,uses_depends,identifier,id,label,type,pagerank,betweenness,fan_in,fan_out,num_called_unique
3972,48.0,156,24,39,332,12,2,0,15,0.07152213780455856,0.03890489913544669,0.00931520644511581,1,0,0,0,1,1.0,1.0,1.0,code:fastapi/applications.py:FastAPI:50::FastAPI,code:fastapi/applications.py:FastAPI:50,FastAPI,Class,0.0027645764221768824,0.0,0,17,44
3,2.0,3,0,1,0,1,0,0,6,0.06896551724137931,0.034482758620689655,0.0,0,0,0,0,1,0.0,0.0,0.0,code:fastapi/applications.py:__call__:1129::__call__,code:fastapi/applications.py:__call__:1129,__call__,Method,0.0029028232028093306,0.0,1,0,0
768,10.0,39,0,21,54,2,0,0,14,0.06646751306945482,0.041822255414488425,0.005208333333333333,0,0,0,0,1,1.0,1.0,1.0,code:fastapi/applications.py:__init__:66::__init__,code:fastapi/applications.py:__init__:66,__init__,Method,0.003545457070078548,0.0,10,0,9
57,1.0,0,0,0,0,0,0,0,0,0.0,0.0,0.0,0,0,0,0,0,,,,code:fastapi/applications.py:add_api_route:1134::add_api_route,code:fastapi/applications.py:add_api_route:1134,add_api_route,Method,0.0027645764221768824,0.0,0,0,0
13,1.0,0,0,0,0,0,0,0,0,0.0,0.0,0.0,0,0,0,0,0,,,,code:fastapi/applications.py:add_api_websocket_route:1253::add_api_websocket_route,code:fastapi/applications.py:add_api_websocket_route:1253,add_api_websocket_route,Method,0.0027645764221768824,0.0,0,0,0
57,1.0,4,1,0,4,0,0,0,10,0.06134969325153374,0.003067484662576687,0.0,0,0,0,0,1,0.0,1.0,1.0,code:fastapi/applications.py:api_route:1193::api_route,code:fastapi/applications.py:api_route:1193,api_route,Method,0.0027645764221768824,0.0,0,0,2
43,4.0,12,0,7,6,1,2,0,9,0.013605442176870748,0.0,0.4883720930232558,0,0,0,0,1,0.0,0.0,0.0,code:fastapi/applications.py:build_middleware_stack:995::build_middleware_stack,code:fastapi/applications.py:build_middleware_stack:995,build_middleware_stack,Method,0.0027645764221768824,0.0,0,0,4
28,1.0,0,0,0,0,0,0,0,0,0.0,0.0,0.0,0,0,0,0,0,,,,code:fastapi/applications.py:decorator:1222::decorator,code:fastapi/applications.py:decorator:1222,decorator,Function,0.0027645764221768824,0.0,0,0,0
7,1.0,2,0,0,1,0,0,0,6,0.0,0.0,0.0,0,0,0,0,1,0.0,0.0,0.0,code:fastapi/applications.py:decorator:1322::decorator,code:fastapi/applications.py:decorator:1322,decorator,Function,0.0027645764221768824,0.0,0,0,1
3,1.0,0,0,0,0,0,0,0,0,0.0,0.0,0.0,0,0,0,0,0,,,,code:fastapi/applications.py:decorator:4540::decorator,code:fastapi/applications.py:decorator:4540,decorator,Function,0.0027645764221768824,0.0,0,0,0
2,1.0,2,0,0,1,0,0,0,6,0.0,0.0,0.0,0,0,0,0,1,0.0,0.0,0.0,code:fastapi/applications.py:decorator:4615::decorator,code:fastapi/applications.py:decorator:4615,decorator,Function,0.0027645764221768824,0.0,0,0,1
2,1.0,2,0,0,1,0,0,0,6,0.0,0.0,0.0,0,0,0,0,1,0.0,0.0,0.0,code:fastapi/applications.py:decorator:4662::decorator,code:fastapi/applications.py:decorator:4662,decorator,Function,0.0027645764221768824,0.0,0,0,1
325,1.0,0,0,0,0,0,0,0,0,0.0,0.0,0.0,0,0,0,0,0,,,,code:fastapi/applications.py:delete:2667::delete,code:fastapi/applications.py:delete:2667,delete,Method,0.0027645764221768824,0.0,0,0,0
34,1.0,5,1,0,2,0,0,0,10,0.031746031746031744,0.031746031746031744,0.029411764705882353,0,0,0,0,1,1.0,0.0,0.0,code:fastapi/applications.py:exception_handler:4621::exception_handler,code:fastapi/applications.py:exception_handler:4621,exception_handler,Method,0.0027645764221768824,0.0,0,0,2
325,1.0,0,0,0,0,0,0,0,0,0.0,0.0,0.0,0,0,0,0,0,,,,code:fastapi/applications.py:get:1538::get,code:fastapi/applications.py:get:1538,get,Method,0.003748630402922521,0.0,1,0,0
325,1.0,0,0,0,0,0,0,0,0,0.0,0.0,0.0,0,0,0,0,0,,,,code:fastapi/applications.py:head:3413::head,code:fastapi/applications.py:head:3413,head,Method,0.0027645764221768824,0.0,0,0,0
163,1.0,0,0,0,0,0,0,0,0,0.0,0.0,0.0,0,0,0,0,0,,,,code:fastapi/applications.py:include_router:1333::include_router,code:fastapi/applications.py:include_router:1333,include_router,Method,0.0027645764221768824,0.0,0,0,0
35,1.0,5,1,0,2,0,0,0,8,0.038461538461538464,0.038461538461538464,0.02857142857142857,0,0,0,0,1,1.0,1.0,0.0,code:fastapi/applications.py:middleware:4575::middleware,code:fastapi/applications.py:middleware:4575,middleware,Method,0.0027645764221768824,0.0,0,0,2
24,1.0,2,0,0,2,0,0,0,8,0.08571428571428572,0.08571428571428572,0.0,1,0,0,0,1,0.0,0.0,0.0,code:fastapi/applications.py:on_event:4546::on_event,code:fastapi/applications.py:on_event:4546,on_event,Method,0.0027645764221768824,0.0,0,0,2
28,2.0,4,0,1,1,1,0,0,9,0.009708737864077669,0.009708737864077669,0.0,0,0,0,0,1,0.0,0.0,0.0,code:fastapi/applications.py:openapi:1043::openapi,code:fastapi/applications.py:openapi:1043,openapi,Method,0.0027645764221768824,0.0,0,1,1
6,4.0,6,0,1,4,2,0,0,9,0.08196721311475409,0.06557377049180328,0.0,0,0,0,0,1,1.0,0.0,0.0,code:fastapi/applications.py:openapi:1081::openapi,code:fastapi/applications.py:openapi:1081,openapi,Function,0.0027645764221768824,0.0,0,0,4
325,1.0,0,0,0,0,0,0,0,0,0.0,0.0,0.0,0,0,0,0,0,,,,code:fastapi/applications.py:options:3040::options,code:fastapi/applications.py:options:3040,options,Method,0.0027645764221768824,0.0,0,0,0
329,1.0,0,0,0,0,0,0,0,0,0.0,0.0,0.0,0,0,0,0,0,,,,code:fastapi/applications.py:patch:3786::patch,code:fastapi/applications.py:patch:3786,patch,Method,0.0027645764221768824,0.0,0,0,0
329,1.0,0,0,0,0,0,0,0,0,0.0,0.0,0.0,0,0,0,0,0,,,,code:fastapi/applications.py:post:2289::post,code:fastapi/applications.py:post:2289,post,Method,0.0027645764221768824,0.0,0,0,0
329,1.0,0,0,0,0,0,0,0,0,0.0,0.0,0.0,0,0,0,0,0,,,,code:fastapi/applications.py:put:1911::put,code:fastapi/applications.py:put:1911,put,Method,0.0027645764221768824,0.0,0,0,0
5,1.0,0,0,0,0,0,0,0,0,0.0,0.0,0.0,0,0,0,0,0,,,,code:fastapi/applications.py:redoc_html:1120::redoc_html,code:fastapi/applications.py:redoc_html:1120,redoc_html,Function,0.0027645764221768824,0.0,0,0,0
42,10.0,30,4,9,17,7,0,0,11,0.05642633228840126,0.04075235109717868,0.0,0,0,0,0,1,1.0,0.0,0.0,code:fastapi/applications.py:setup:1076::setup,code:fastapi/applications.py:setup:1076,setup,Method,0.0027645764221768824,0.0,0,3,11
12,1.0,0,0,0,0,0,0,0,0,0.0,0.0,0.0,0,0,0,0,0,,,,code:fastapi/applications.py:swagger_ui_html:1092::swagger_ui_html,code:fastapi/applications.py:swagger_ui_html:1092,swagger_ui_html,Function,0.0027645764221768824,0.0,0,0,0
1,1.0,0,0,0,0,0,0,0,0,0.0,0.0,0.0,0,0,0,0,0,,,,code:fastapi/applications.py:swagger_ui_redirect:1110::swagger_ui_redirect,code:fastapi/applications.py:swagger_ui_redirect:1110,swagger_ui_redirect,Function,0.0027645764221768824,0.0,0,0,0
325,1.0,0,0,0,0,0,0,0,0,0.0,0.0,0.0,0,0,0,0,0,,,,code:fastapi/applications.py:trace:4164::trace,code:fastapi/applications.py:trace:4164,trace,Method,0.0027645764221768824,0.0,0,0,0
55,1.0,5,1,0,4,0,0,0,9,0.061855670103092786,0.041237113402061855,0.0,0,0,0,0,1,0.0,0.0,1.0,code:fastapi/applications.py:websocket:1268::websocket,code:fastapi/applications.py:websocket:1268,websocket,Method,0.0027645764221768824,0.0,0,0,2
6,1.0,4,1,0,1,0,0,0,8,0.03636363636363636,0.0,0.0,0,0,0,0,1,0.0,0.0,0.0,code:fastapi/applications.py:websocket_route:4537::websocket_route,code:fastapi/applications.py:websocket_route:4537,websocket_route,Method,0.0027645764221768824,0.0,0,0,1
16,1.0,0,0,0,0,0,0,0,0,0.0,0.0,0.0,0,0,0,0,0,,,,code:fastapi/encoders.py:decimal_encoder:36::decimal_encoder,code:fastapi/encoders.py:decimal_encoder:36,decimal_encoder,Function,0.0027645764221768824,0.0,0,0,0
8,2.0,4,0,0,2,0,1,0,10,0.01818181818181818,0.0,0.0,0,0,0,0,0,0.0,0.0,0.0,code:fastapi/encoders.py:generate_encoders_by_class_tuples:87::generate_encoders_by_class_tuples,code:fastapi/encoders.py:generate_encoders_by_class_tuples:87,generate_encoders_by_class_tuples,Function,0.0027645764221768824,0.0,0,0,2
2,1.0,0,0,0,0,0,0,0,0,0.0,0.0,0.0,0,0,1,0,0,,,,code:fastapi/encoders.py:isoformat:30::isoformat,code:fastapi/encoders.py:isoformat:30,isoformat,Function,0.0027645764221768824,0.0,0,0,0
236,1.0,0,0,0,0,0,0,0,0,0.0,0.0,0.0,0,0,0,0,0,,,,code:fastapi/encoders.py:jsonable_encoder:101::jsonable_encoder,code:fastapi/encoders.py:jsonable_encoder:101,jsonable_encoder,Function,0.014754776796607211,0.0,4,0,0
6,1.0,0,0,0,0,0,0,0,0,0.0,0.0,0.0,0,0,0,0,0,,,,code:fastapi/exception_handlers.py:http_exception_handler:10::http_exception_handler,code:fastapi/exception_handlers.py:http_exception_handler:10,http_exception_handler,Function,0.0027645764221768824,0.0,0,0,0
6,1.0,0,0,0,0,0,0,0,0,0.0,0.0,0.0,0,0,0,0,0,,,,code:fastapi/exception_handlers.py:request_validation_exception_handler:19::request_validation_exception_handler,code:fastapi/exception_handlers.py:request_validation_exception_handler:19,request_validation_exception_handler,Function,0.0027645764221768824,0.0,0,0,0
5,1.0,0,0,0,0,0,0,0,0,0.0,0.0,0.0,0,0,0,0,0,,,,code:fastapi/exception_handlers.py:websocket_request_validation_exception_handler:28::websocket_request_validation_exception_handler,code:fastapi/exception_handlers.py:websocket_request_validation_exception_handler:28,websocket_request_validation_exception_handler,Function,0.0027645764221768824,0.0,0,0,0
3,1.0,0,0,0,0,0,0,0,0,0.0,0.0,0.0,0,0,0,0,0,,,,code:fastapi/exceptions.py:FastAPIError:142::FastAPIError,code:fastapi/exceptions.py:FastAPIError:142,FastAPIError,Class,0.007812239087114167,0.0,3,0,0
47,1.0,0,0,0,0,0,0,0,0,0.0,0.0,0.0,0,0,0,0,0,,,,code:fastapi/exceptions.py:HTTPException:8::HTTPException,code:fastapi/exceptions.py:HTTPException:8,HTTPException,Class,0.030332093346295327,0.0,20,0,0
3,3.0,3,0,0,2,0,0,0,8,0.07142857142857142,0.0,0.0,0,0,0,0,0,0.0,0.0,0.0,code:fastapi/exceptions.py:RequestValidationError:156::RequestValidationError,code:fastapi/exceptions.py:RequestValidationError:156,RequestValidationError,Class,0.0037617395063709097,0.001372151294594917,2,34,2
8,6.0,8,0,2,3,0,1,0,9,0.07142857142857142,0.04285714285714286,0.0,0,0,0,0,0,0.0,0.0,0.0,code:fastapi/exceptions.py:ResponseValidationError:166::ResponseValidationError,code:fastapi/exceptions.py:ResponseValidationError:166,ResponseValidationError,Class,0.0027645764221768824,0.0,0,34,3
4,1.0,0,0,0,0,0,0,0,0,0.0,0.0,0.0,0,0,0,0,0,,,,code:fastapi/exceptions.py:ValidationException:148::ValidationException,code:fastapi/exceptions.py:ValidationException:148,ValidationException,Class,0.0027645764221768824,0.0,0,0,0
58,1.0,0,0,0,0,0,0,0,0,0.0,0.0,0.0,0,0,0,0,0,,,,code:fastapi/exceptions.py:WebSocketException:67::WebSocketException,code:fastapi/exceptions.py:WebSocketException:67,WebSocketException,Class,0.0027645764221768824,0.0,0,0,0
1,1.0,0,0,0,0,0,0,0,0,0.0,0.0,0.0,0,0,0,0,0,,,,code:fastapi/exceptions.py:WebSocketRequestValidationError:162::WebSocketRequestValidationError,code:fastapi/exceptions.py:WebSocketRequestValidationError:162,WebSocketRequestValidationError,Class,0.006050087435299388,0.0,1,0,0
24,1.0,0,0,0,0,0,0,0,0,0.0,0.0,0.0,0,0,0,0,0,,,,code:fastapi/exceptions.py:__init__:109::__init__,code:fastapi/exceptions.py:__init__:109,__init__,Method,0.003545457070078548,0.0,10,0,0
2,1.0,0,0,0,0,0,0,0,0,0.0,0.0,0.0,0,0,0,0,0,,,,code:fastapi/exceptions.py:__init__:149::__init__,code:fastapi/exceptions.py:__init__:149,__init__,Method,0.003545457070078548,0.0,10,0,0
3,3.0,3,0,0,2,0,0,0,8,0.07142857142857142,0.0,0.0,0,0,0,0,0,0.0,0.0,0.0,code:fastapi/exceptions.py:__init__:157::__init__,code:fastapi/exceptions.py:__init__:157,__init__,Method,0.003456416103841599,0.0,9,33,2
3,3.0,3,0,0,2,0,0,0,8,0.07142857142857142,0.0,0.0,0,0,0,0,0,0.0,0.0,0.0,code:fastapi/exceptions.py:__init__:167::__init__,code:fastapi/exceptions.py:__init__:167,__init__,Method,0.003456416103841599,0.0,9,33,2
28,1.0,0,0,0,0,0,0,0,0,0.0,0.0,0.0,0,0,0,0,0,,,,code:fastapi/exceptions.py:__init__:36::__init__,code:fastapi/exceptions.py:__init__:36,__init__,Method,0.003545457070078548,0.0,10,0,0
4,2.0,4,0,1,1,0,1,0,8,0.08333333333333333,0.08333333333333333,0.0,0,0,0,0,0,0.0,0.0,0.0,code:fastapi/exceptions.py:__str__:171::__str__,code:fastapi/exceptions.py:__str__:171,__str__,Method,0.0027645764221768824,0.0,0,0,1
1,1.0,0,0,0,0,0,0,0,0,0.0,0.0,0.0,0,0,0,0,0,,,,code:fastapi/exceptions.py:errors:152::errors,code:fastapi/exceptions.py:errors:152,errors,Method,0.0027645764221768824,0.0,0,0,0
10,4.0,7,0,3,1,0,0,0,8,0.05172413793103448,0.017241379310344827,0.1,0,0,0,0,0,0.0,0.0,0.0,code:fastapi/middleware/asyncexitstack.py:AsyncExitStackMiddleware:7::AsyncExitStackMiddleware,code:fastapi/middleware/asyncexitstack.py:AsyncExitStackMiddleware:7,AsyncExitStackMiddleware,Class,0.0027645764221768824,0.0,0,0,1
3,1.0,3,0,1,1,0,0,0,7,0.03125,0.0,0.0,0,0,0,0,0,0.0,0.0,0.0,code:fastapi/middleware/asyncexitstack.py:__call__:14::__call__,code:fastapi/middleware/asyncexitstack.py:__call__:14,__call__,Method,0.0029028232028093306,0.0,1,0,1
5,3.0,3,0,1,0,0,0,0,6,0.1,0.05,0.0,0,0,0,0,0,0.0,0.0,0.0,code:fastapi/middleware/asyncexitstack.py:__init__:8::__init__,code:fastapi/middleware/asyncexitstack.py:__init__:8,__init__,Method,0.003545457070078548,0.0,10,0,0
88,2.0,6,0,1,5,1,0,0,8,0.14545454545454545,0.13636363636363635,0.0,0,0,1,0,0,0.0,0.0,0.0,code:fastapi/openapi/docs.py:get_redoc_html:160::get_redoc_html,code:fastapi/openapi/docs.py:get_redoc_html:160,get_redoc_html,Function,0.0036862216263932037,0.0,2,0,1
120,5.0,14,0,2,16,3,1,0,10,0.1070110701107011,0.0959409594095941,0.0,0,0,1,0,0,0.0,0.0,0.0,code:fastapi/openapi/docs.py:get_swagger_ui_html:25::get_swagger_ui_html,code:fastapi/openapi/docs.py:get_swagger_ui_html:25,get_swagger_ui_html,Function,0.0036862216263932037,2.3863500775563776e-05,2,1,6
80,1.0,3,0,1,0,0,0,0,4,0.18181818181818182,0.18181818181818182,0.0125,0,0,1,0,0,0.0,0.0,0.0,code:fastapi/openapi/docs.py:get_swagger_ui_oauth2_redirect_html:255::get_swagger_ui_oauth2_redirect_html,code:fastapi/openapi/docs.py:get_swagger_ui_oauth2_redirect_html:255,get_swagger_ui_oauth2_redirect_html,Function,0.0036862216263932037,0.0,2,0,0
3,1.0,3,0,0,2,0,0,0,7,0.06896551724137931,0.06896551724137931,0.0,0,0,0,1,0,0.0,0.0,0.0,code:fastapi/openapi/models.py:APIKey:354::APIKey,code:fastapi/openapi/models.py:APIKey:354,APIKey,Class,0.01885730889517314,0.0,6,0,1
3,1.0,3,0,2,0,0,0,0,4,0.16666666666666666,0.16666666666666666,0.0,0,0,0,1,0,0.0,0.0,0.0,code:fastapi/openapi/models.py:APIKeyIn:348::APIKeyIn,code:fastapi/openapi/models.py:APIKeyIn:348,APIKeyIn,Class,0.0027645764221768824,0.0,0,0,0
5,1.0,0,0,0,0,0,0,0,0,0.0,0.0,0.0,0,0,0,0,0,,,,code:fastapi/openapi/models.py:BaseModelWithConfig:57::BaseModelWithConfig,code:fastapi/openapi/models.py:BaseModelWithConfig:57,BaseModelWithConfig,Class,0.0027645764221768824,0.0,0,0,0
11,1.0,10,0,0,0,0,0,0,11,0.036290322580645164,0.0,0.09090909090909091,0,0,0,1,0,0.0,1.0,0.0,code:fastapi/openapi/models.py:Components:414::Components,code:fastapi/openapi/models.py:Components:414,Components,Class,0.0027645764221768824,0.0,0,0,0
1,1.0,0,0,0,0,0,0,0,0,0.0,0.0,0.0,0,0,0,0,0,,,,code:fastapi/openapi/models.py:Config:232::Config,code:fastapi/openapi/models.py:Config:232,Config,Class,0.0027645764221768824,0.0,0,0,0
1,1.0,0,0,0,0,0,0,0,0,0.0,0.0,0.0,0,0,0,0,0,,,,code:fastapi/openapi/models.py:Config:63::Config,code:fastapi/openapi/models.py:Config:63,Config,Class,0.0027645764221768824,0.0,0,0,0
3,1.0,3,0,0,0,0,0,0,5,0.08333333333333333,0.0,0.0,0,0,0,1,0,0.0,0.0,0.0,code:fastapi/openapi/models.py:Contact:67::Contact,code:fastapi/openapi/models.py:Contact:67,Contact,Class,0.0027645764221768824,0.0,0,0,0
2,1.0,2,0,0,0,0,0,0,4,0.0,0.0,0.0,0,0,0,1,0,0.0,0.0,0.0,code:fastapi/openapi/models.py:Discriminator:105::Discriminator,code:fastapi/openapi/models.py:Discriminator:105,Discriminator,Class,0.0027645764221768824,0.0,0,0,0
27,1.0,0,0,0,0,0,0,0,0,0.0,0.0,0.0,0,0,0,0,0,,,,code:fastapi/openapi/models.py:EmailStr:23::EmailStr,code:fastapi/openapi/models.py:EmailStr:23,EmailStr,Class,0.0027645764221768824,0.0,0,0,0
5,1.0,5,0,0,0,0,0,0,9,0.0847457627118644,0.01694915254237288,0.0,0,0,0,1,0,0.0,0.0,0.0,code:fastapi/openapi/models.py:Encoding:243::Encoding,code:fastapi/openapi/models.py:Encoding:243,Encoding,Class,0.0027645764221768824,0.0,0,0,0
9,1.0,0,0,0,0,0,0,0,0,0.0,0.0,0.0,0,0,0,0,0,,,,code:fastapi/openapi/models.py:Example:221::Example,code:fastapi/openapi/models.py:Example:221,Example,Class,0.0027645764221768824,0.0,0,0,0
2,1.0,2,0,0,0,0,0,0,5,0.07142857142857142,0.0,0.0,0,0,0,1,0,0.0,0.0,0.0,code:fastapi/openapi/models.py:ExternalDocumentation:118::ExternalDocumentation,code:fastapi/openapi/models.py:ExternalDocumentation:118,ExternalDocumentation,Class,0.0027645764221768824,0.0,0,0,0
2,1.0,2,0,0,1,0,0,0,7,0.05263157894736842,0.05263157894736842,0.0,0,0,0,1,0,0.0,0.0,0.0,code:fastapi/openapi/models.py:HTTPBase:360::HTTPBase,code:fastapi/openapi/models.py:HTTPBase:360,HTTPBase,Class,0.0027645764221768824,0.0,0,0,1
2,1.0,2,0,0,0,0,0,0,5,0.15384615384615385,0.15384615384615385,0.0,0,0,0,1,0,0.0,0.0,0.0,code:fastapi/openapi/models.py:HTTPBearer:365::HTTPBearer,code:fastapi/openapi/models.py:HTTPBearer:365,HTTPBearer,Class,0.0027645764221768824,0.0,0,0,0
1,1.0,0,0,0,0,0,0,0,0,0.0,0.0,0.0,0,0,0,0,0,,,,code:fastapi/openapi/models.py:Header:278::Header,code:fastapi/openapi/models.py:Header:278,Header,Class,0.0027645764221768824,0.0,0,0,0
7,1.0,7,0,0,0,0,0,0,5,0.0847457627118644,0.0,0.0,0,0,0,1,0,0.0,0.0,0.0,code:fastapi/openapi/models.py:Info:79::Info,code:fastapi/openapi/models.py:Info:79,Info,Class,0.0027645764221768824,0.0,0,0,0
3,1.0,3,0,0,0,0,0,0,5,0.05263157894736842,0.0,0.0,0,0,0,1,0,0.0,0.0,0.0,code:fastapi/openapi/models.py:License:73::License,code:fastapi/openapi/models.py:License:73,License,Class,0.0027645764221768824,0.0,0,0,0
6,1.0,6,0,0,0,0,0,0,9,0.0641025641025641,0.0,0.0,0,0,0,1,0,0.0,0.0,0.0,code:fastapi/openapi/models.py:Link:288::Link,code:fastapi/openapi/models.py:Link:288,Link,Class,0.0027645764221768824,0.0,0,0,0
4,1.0,4,0,0,1,0,0,0,9,0.0625,0.015625,0.0,0,0,0,1,0,0.0,0.0,0.0,code:fastapi/openapi/models.py:MediaType:251::MediaType,code:fastapi/openapi/models.py:MediaType:251,MediaType,Class,0.0027645764221768824,0.0,0,0,1
2,1.0,2,0,0,1,0,0,0,7,0.05263157894736842,0.05263157894736842,0.0,0,0,0,1,0,0.0,0.0,0.0,code:fastapi/openapi/models.py:OAuth2:399::OAuth2,code:fastapi/openapi/models.py:OAuth2:399,OAuth2,Class,0.0027645764221768824,0.0,0,0,1
2,1.0,2,0,0,0,0,0,0,5,0.07142857142857142,0.0,0.0,0,0,0,1,0,0.0,0.0,0.0,code:fastapi/openapi/models.py:OAuthFlow:370::OAuthFlow,code:fastapi/openapi/models.py:OAuthFlow:370,OAuthFlow,Class,0.0027645764221768824,0.0,0,0,0
2,1.0,2,0,0,0,0,0,0,4,0.0,0.0,0.0,0,0,0,1,0,0.0,0.0,0.0,code:fastapi/openapi/models.py:OAuthFlowAuthorizationCode:387::OAuthFlowAuthorizationCode,code:fastapi/openapi/models.py:OAuthFlowAuthorizationCode:387,OAuthFlowAuthorizationCode,Class,0.0027645764221768824,0.0,0,0,0
1,1.0,0,0,0,0,0,0,0,0,0.0,0.0,0.0,0,0,0,0,0,,,,code:fastapi/openapi/models.py:OAuthFlowClientCredentials:383::OAuthFlowClientCredentials,code:fastapi/openapi/models.py:OAuthFlowClientCredentials:383,OAuthFlowClientCredentials,Class,0.0027645764221768824,0.0,0,0,0
1,1.0,0,0,0,0,0,0,0,0,0.0,0.0,0.0,0,0,0,0,0,,,,code:fastapi/openapi/models.py:OAuthFlowImplicit:375::OAuthFlowImplicit,code:fastapi/openapi/models.py:OAuthFlowImplicit:375,OAuthFlowImplicit,Class,0.0027645764221768824,0.0,0,0,0
1,1.0,0,0,0,0,0,0,0,0,0.0,0.0,0.0,0,0,0,0,0,,,,code:fastapi/openapi/models.py:OAuthFlowPassword:379::OAuthFlowPassword,code:fastapi/openapi/models.py:OAuthFlowPassword:379,OAuthFlowPassword,Class,0.0027645764221768824,0.0,0,0,0
4,1.0,4,0,0,0,0,0,0,5,0.08823529411764706,0.0,0.0,0,0,0,1,0,0.0,0.0,0.0,code:fastapi/openapi/models.py:OAuthFlows:392::OAuthFlows,code:fastapi/openapi/models.py:OAuthFlows:392,OAuthFlows,Class,0.0027645764221768824,0.0,0,0,0
11,1.0,10,0,0,0,0,0,0,9,0.05,0.0,0.09090909090909091,0,0,0,1,0,0.0,0.0,0.0,code:fastapi/openapi/models.py:OpenAPI:434::OpenAPI,code:fastapi/openapi/models.py:OpenAPI:434,OpenAPI,Class,0.0027645764221768824,0.0,0,0,0
4,1.0,2,0,0,1,0,0,0,7,0.05263157894736842,0.05263157894736842,0.0,0,0,0,1,0,0.0,0.0,0.0,code:fastapi/openapi/models.py:OpenIdConnect:404::OpenIdConnect,code:fastapi/openapi/models.py:OpenIdConnect:404,OpenIdConnect,Class,0.0027645764221768824,0.0,0,0,1
13,1.0,12,0,0,0,0,0,0,11,0.06217616580310881,0.0051813471502590676,0.07692307692307693,0,0,0,1,0,0.0,1.0,0.0,code:fastapi/openapi/models.py:Operation:304::Operation,code:fastapi/openapi/models.py:Operation:304,Operation,Class,0.0027645764221768824,0.0,0,0,0
2,1.0,2,0,0,0,0,0,0,4,0.0,0.0,0.0,0,0,0,1,0,0.0,0.0,0.0,code:fastapi/openapi/models.py:Parameter:273::Parameter,code:fastapi/openapi/models.py:Parameter:273,Parameter,Class,0.0027645764221768824,0.0,0,0,0
12,1.0,10,0,0,1,0,0,0,9,0.08064516129032258,0.008064516129032258,0.16666666666666666,0,0,0,1,0,0.0,0.0,0.0,code:fastapi/openapi/models.py:ParameterBase:258::ParameterBase,code:fastapi/openapi/models.py:ParameterBase:258,ParameterBase,Class,0.0027645764221768824,0.0,0,0,1
4,1.0,4,0,3,0,0,0,0,4,0.1875,0.1875,0.0,0,0,0,1,0,0.0,0.0,0.0,code:fastapi/openapi/models.py:ParameterInType:236::ParameterInType,code:fastapi/openapi/models.py:ParameterInType:236,ParameterInType,Class,0.0027645764221768824,0.0,0,0,0
13,1.0,13,0,0,1,0,0,0,6,0.09701492537313433,0.007462686567164179,0.0,0,0,0,1,0,0.0,0.0,0.0,code:fastapi/openapi/models.py:PathItem:320::PathItem,code:fastapi/openapi/models.py:PathItem:320,PathItem,Class,0.0027645764221768824,0.0,0,0,1
1,1.0,0,0,0,0,0,0,0,0,0.0,0.0,0.0,0,0,0,0,0,,,,code:fastapi/openapi/models.py:Reference:101::Reference,code:fastapi/openapi/models.py:Reference:101,Reference,Class,0.0027645764221768824,0.0,0,0,0
3,1.0,3,0,0,0,0,0,0,6,0.037037037037037035,0.0,0.0,0,0,0,1,0,0.0,0.0,0.0,code:fastapi/openapi/models.py:RequestBody:282::RequestBody,code:fastapi/openapi/models.py:RequestBody:282,RequestBody,Class,0.0027645764221768824,0.0,0,0,0
4,1.0,4,0,0,0,0,0,0,9,0.03773584905660377,0.0,0.0,0,0,0,1,0,0.0,1.0,0.0,code:fastapi/openapi/models.py:Response:297::Response,code:fastapi/openapi/models.py:Response:297,Response,Class,0.0027645764221768824,0.0,0,0,0
84,1.0,0,0,0,0,0,0,0,0,0.0,0.0,0.0,0,0,0,0,0,,,,code:fastapi/openapi/models.py:Schema:129::Schema,code:fastapi/openapi/models.py:Schema:129,Schema,Class,0.0027645764221768824,0.0,0,0,0
2,1.0,2,0,0,1,0,0,0,5,0.07142857142857142,0.07142857142857142,0.0,0,0,0,1,0,0.0,0.0,0.0,code:fastapi/openapi/models.py:SecurityBase:343::SecurityBase,code:fastapi/openapi/models.py:SecurityBase:343,SecurityBase,Class,0.0027645764221768824,0.0,0,0,1
4,1.0,4,0,3,0,0,0,0,4,0.1875,0.1875,0.0,0,0,0,1,0,0.0,0.0,0.0,code:fastapi/openapi/models.py:SecuritySchemeType:336::SecuritySchemeType,code:fastapi/openapi/models.py:SecuritySchemeType:336,SecuritySchemeType,Class,0.0027645764221768824,0.0,0,0,0
3,1.0,3,0,0,0,0,0,0,6,0.037037037037037035,0.0,0.0,0,0,0,1,0,0.0,0.0,0.0,code:fastapi/openapi/models.py:Server:95::Server,code:fastapi/openapi/models.py:Server:95,Server,Class,0.0027645764221768824,0.0,0,0,0
3,1.0,3,0,0,1,0,0,0,8,0.058823529411764705,0.0,0.0,0,0,0,1,0,0.0,0.0,0.0,code:fastapi/openapi/models.py:ServerVariable:89::ServerVariable,code:fastapi/openapi/models.py:ServerVariable:89,ServerVariable,Class,0.0027645764221768824,0.0,0,0,1
3,1.0,3,0,0,0,0,0,0,5,0.05263157894736842,0.0,0.0,0,0,0,1,0,0.0,0.0,0.0,code:fastapi/openapi/models.py:Tag:428::Tag,code:fastapi/openapi/models.py:Tag:428,Tag,Class,0.0027645764221768824,0.0,0,0,0
5,1.0,5,0,0,0,0,0,0,5,0.09090909090909091,0.0,0.0,0,0,0,1,0,0.0,0.0,0.0,code:fastapi/openapi/models.py:XML:110::XML,code:fastapi/openapi/models.py:XML:110,XML,Class,0.0027645764221768824,0.0,0,0,0
4,1.0,0,0,0,0,0,0,0,0,0.0,0.0,0.0,0,0,1,0,0,,,,code:fastapi/openapi/models.py:__get_pydantic_core_schema__:50::__get_pydantic_core_schema__,code:fastapi/openapi/models.py:__get_pydantic_core_schema__:50,__get_pydantic_core_schema__,Method,0.0027645764221768824,0.0,0,0,0
4,1.0,0,0,0,0,0,0,0,0,0.0,0.0,0.0,0,0,1,0,0,,,,code:fastapi/openapi/models.py:__get_pydantic_json_schema__:44::__get_pydantic_json_schema__,code:fastapi/openapi/models.py:__get_pydantic_json_schema__:44,__get_pydantic_json_schema__,Method,0.0027645764221768824,0.0,0,0,0
3,1.0,0,0,0,0,0,0,0,0,0.0,0.0,0.0,0,0,1,0,0,,,,code:fastapi/openapi/models.py:__get_validators__:24::__get_validators__,code:fastapi/openapi/models.py:__get_validators__:24,__get_validators__,Method,0.0027645764221768824,0.0,0,0,0
6,1.0,2,0,0,1,0,0,0,6,0.047619047619047616,0.047619047619047616,0.0,1,0,1,1,0,0.0,0.0,0.0,code:fastapi/openapi/models.py:_validate:36::_validate,code:fastapi/openapi/models.py:_validate:36,_validate,Method,0.0027645764221768824,0.0,0,0,1
6,1.0,2,0,0,1,0,0,0,6,0.05555555555555555,0.05555555555555555,0.0,1,0,1,1,0,0.0,0.0,0.0,code:fastapi/openapi/models.py:validate:28::validate,code:fastapi/openapi/models.py:validate:28,validate,Method,0.0027645764221768824,0.0,0,0,1
71,13.0,35,0,22,18,8,2,0,10,0.0703883495145631,0.043689320388349516,0.014084507042253521,0,0,1,1,0,0.0,0.0,0.0,code:fastapi/openapi/utils.py:_get_openapi_operation_parameters:93::_get_openapi_operation_parameters,code:fastapi/openapi/utils.py:_get_openapi_operation_parameters:93,_get_openapi_operation_parameters,Function,0.0034726489891529705,1.1931750387781888e-05,1,1,9
12,2.0,5,1,0,1,1,0,0,6,0.046511627906976744,0.023255813953488372,0.0,0,0,0,1,0,0.0,0.0,0.0,code:fastapi/openapi/utils.py:generate_operation_id:205::generate_operation_id,code:fastapi/openapi/utils.py:generate_operation_id:205,generate_operation_id,Function,0.0027645764221768824,0.0,0,0,1
3,2.0,3,1,0,0,1,0,0,6,0.0,0.0,0.0,0,0,0,1,0,0.0,0.0,0.0,code:fastapi/openapi/utils.py:generate_operation_summary:220::generate_operation_summary,code:fastapi/openapi/utils.py:generate_operation_summary:220,generate_operation_summary,Function,0.003748630402922521,0.0,1,0,0
27,9.0,19,0,2,12,5,1,0,11,0.01507537688442211,0.010050251256281407,0.0,0,0,1,1,1,0.0,0.0,0.0,code:fastapi/openapi/utils.py:get_fields_from_routes:444::get_fields_from_routes,code:fastapi/openapi/utils.py:get_fields_from_routes:444,get_fields_from_routes,Function,0.004997425081459441,0.0,1,0,11
95,29.0,56,0,20,22,21,2,0,12,0.04055944055944056,0.026573426573426574,0.0,0,0,1,1,0,0.0,0.0,0.0,code:fastapi/openapi/utils.py:get_openapi:475::get_openapi,code:fastapi/openapi/utils.py:get_openapi:475,get_openapi,Function,0.005253018473560948,0.0002744302589189834,2,2,14
23,7.0,18,0,8,5,5,0,0,10,0.05641025641025641,0.05128205128205128,0.0,0,0,1,1,0,0.0,0.0,0.0,code:fastapi/openapi/utils.py:get_openapi_operation_metadata:226::get_openapi_operation_metadata,code:fastapi/openapi/utils.py:get_openapi_operation_metadata:226,get_openapi_operation_metadata,Function,0.0034726489891529705,0.00014318100465338264,1,3,5
34,6.0,17,1,8,5,4,0,0,10,0.04205607476635514,0.03271028037383177,0.0,0,0,1,1,0,0.0,0.0,0.0,code:fastapi/openapi/utils.py:get_openapi_operation_request_body:168::get_openapi_operation_request_body,code:fastapi/openapi/utils.py:get_openapi_operation_request_body:168,get_openapi_operation_request_body,Function,0.0034726489891529705,1.1931750387781888e-05,1,1,4
189,40.0,83,0,39,57,21,3,0,16,0.05233111322549953,0.04567078972407231,0.037037037037037035,0,0,1,1,0,0.0,1.0,0.0,code:fastapi/openapi/utils.py:get_openapi_path:252::get_openapi_path,code:fastapi/openapi/utils.py:get_openapi_path:252,get_openapi_path,Function,0.004997425081459441,0.00034602076124567473,1,6,39
14,2.0,8,0,5,2,0,1,0,8,0.020202020202020204,0.0,0.0,0,0,1,1,0,0.0,0.0,0.0,code:fastapi/openapi/utils.py:get_openapi_security_definitions:76::get_openapi_security_definitions,code:fastapi/openapi/utils.py:get_openapi_security_definitions:76,get_openapi_security_definitions,Function,0.0034726489891529705,1.1931750387781888e-05,1,1,2
317,1.0,0,0,0,0,0,0,0,0,0.0,0.0,0.0,0,0,0,0,0,,,,code:fastapi/param_functions.py:Body:1262::Body,code:fastapi/param_functions.py:Body:1262,Body,Function,0.0027645764221768824,0.0,0,0,0
294,1.0,0,0,0,0,0,0,0,0,0.0,0.0,0.0,0,0,0,0,0,,,,code:fastapi/param_functions.py:Cookie:958::Cookie,code:fastapi/param_functions.py:Cookie:958,Cookie,Function,0.0027645764221768824,0.0,0,0,0
44,1.0,2,0,0,2,0,0,0,10,0.13043478260869565,0.06521739130434782,0.0,0,0,0,0,0,0.0,0.0,1.0,code:fastapi/param_functions.py:Depends:2219::Depends,code:fastapi/param_functions.py:Depends:2219,Depends,Function,0.0027645764221768824,0.0,0,0,1
304,1.0,0,0,0,0,0,0,0,0,0.0,0.0,0.0,0,0,0,0,0,,,,code:fastapi/param_functions.py:File:1905::File,code:fastapi/param_functions.py:File:1905,File,Function,0.0027645764221768824,0.0,0,0,0
304,1.0,0,0,0,0,0,0,0,0,0.0,0.0,0.0,0,0,0,0,0,,,,code:fastapi/param_functions.py:Form:1591::Form,code:fastapi/param_functions.py:Form:1591,Form,Function,0.005446698501009592,0.0,2,0,0
305,1.0,0,0,0,0,0,0,0,0,0.0,0.0,0.0,0,0,0,0,0,,,,code:fastapi/param_functions.py:Header:642::Header,code:fastapi/param_functions.py:Header:642,Header,Function,0.0027645764221768824,0.0,0,0,0
311,1.0,0,0,0,0,0,0,0,0,0.0,0.0,0.0,0,0,0,0,0,,,,code:fastapi/param_functions.py:Path:10::Path,code:fastapi/param_functions.py:Path:10,Path,Function,0.0027645764221768824,0.0,0,0,0
294,1.0,0,0,0,0,0,0,0,0,0.0,0.0,0.0,0,0,0,0,0,,,,code:fastapi/param_functions.py:Query:338::Query,code:fastapi/param_functions.py:Query:338,Query,Function,0.0027645764221768824,0.0,0,0,0
66,1.0,2,0,0,3,0,0,0,10,0.11764705882352941,0.058823529411764705,0.0,0,0,0,0,0,0.0,0.0,0.0,code:fastapi/param_functions.py:Security:2279::Security,code:fastapi/param_functions.py:Security:2279,Security,Function,0.0027645764221768824,0.0,0,0,1
111,1.0,0,0,0,0,0,0,0,0,0.0,0.0,0.0,0,0,0,0,0,,,,code:fastapi/params.py:Body:478::Body,code:fastapi/params.py:Body:478,Body,Class,0.0027645764221768824,0.0,0,0,0
80,1.0,0,0,0,0,0,0,0,0,0.0,0.0,0.0,0,0,0,0,0,,,,code:fastapi/params.py:Cookie:394::Cookie,code:fastapi/params.py:Cookie:394,Cookie,Class,0.0027645764221768824,0.0,0,0,0
9,6.0,7,0,4,2,0,0,0,9,0.0821917808219178,0.0410958904109589,0.0,0,0,0,0,0,0.0,0.0,1.0,code:fastapi/params.py:Depends:763::Depends,code:fastapi/params.py:Depends:763,Depends,Class,0.0027645764221768824,0.0,0,0,2
81,1.0,0,0,0,0,0,0,0,0,0.0,0.0,0.0,0,0,0,0,0,,,,code:fastapi/params.py:File:679::File,code:fastapi/params.py:File:679,File,Class,0.0027645764221768824,0.0,0,0,0
81,1.0,0,0,0,0,0,0,0,0,0.0,0.0,0.0,0,0,0,0,0,,,,code:fastapi/params.py:Form:595::Form,code:fastapi/params.py:Form:595,Form,Class,0.005446698501009592,0.0,2,0,0
82,1.0,0,0,0,0,0,0,0,0,0.0,0.0,0.0,0,0,0,0,0,,,,code:fastapi/params.py:Header:308::Header,code:fastapi/params.py:Header:308,Header,Class,0.0027645764221768824,0.0,0,0,0
108,1.0,0,0,0,0,0,0,0,0,0.0,0.0,0.0,0,0,0,0,0,,,,code:fastapi/params.py:Param:24::Param,code:fastapi/params.py:Param:24,Param,Class,0.0027645764221768824,0.0,0,0,0
4,1.0,4,0,3,0,0,0,0,4,0.1875,0.1875,0.0,0,0,0,0,0,0.0,0.0,0.0,code:fastapi/params.py:ParamTypes:17::ParamTypes,code:fastapi/params.py:ParamTypes:17,ParamTypes,Class,0.0027645764221768824,0.0,0,0,0
82,1.0,0,0,0,0,0,0,0,0,0.0,0.0,0.0,0,0,0,0,0,,,,code:fastapi/params.py:Path:138::Path,code:fastapi/params.py:Path:138,Path,Class,0.0027645764221768824,0.0,0,0,0
80,1.0,0,0,0,0,0,0,0,0,0.0,0.0,0.0,0,0,0,0,0,,,,code:fastapi/params.py:Query:224::Query,code:fastapi/params.py:Query:224,Query,Class,0.0027645764221768824,0.0,0,0,0
9,3.0,3,0,0,2,0,0,0,9,0.0784313725490196,0.0,0.0,0,0,0,0,0,0.0,0.0,1.0,code:fastapi/params.py:Security:776::Security,code:fastapi/params.py:Security:776,Security,Class,0.0027645764221768824,0.0,0,34,2
80,1.0,0,0,0,0,0,0,0,0,0.0,0.0,0.0,0,0,0,0,0,,,,code:fastapi/params.py:__init__:141::__init__,code:fastapi/params.py:__init__:141,__init__,Method,0.003545457070078548,0.0,10,0,0
78,1.0,0,0,0,0,0,0,0,0,0.0,0.0,0.0,0,0,0,0,0,,,,code:fastapi/params.py:__init__:227::__init__,code:fastapi/params.py:__init__:227,__init__,Method,0.003545457070078548,0.0,10,0,0
104,11.0,21,0,11,8,5,0,0,9,0.09012131715771231,0.024263431542461005,0.019230769230769232,0,0,0,0,0,0.0,0.0,0.0,code:fastapi/params.py:__init__:27::__init__,code:fastapi/params.py:__init__:27,__init__,Method,0.003545457070078548,0.0,10,0,5
80,1.0,0,0,0,0,0,0,0,0,0.0,0.0,0.0,0,0,0,0,0,,,,code:fastapi/params.py:__init__:311::__init__,code:fastapi/params.py:__init__:311,__init__,Method,0.003545457070078548,0.0,10,0,0
78,1.0,0,0,0,0,0,0,0,0,0.0,0.0,0.0,0,0,0,0,0,,,,code:fastapi/params.py:__init__:397::__init__,code:fastapi/params.py:__init__:397,__init__,Method,0.003545457070078548,0.0,10,0,0
109,23.0,24,0,13,8,5,0,0,10,0.090311986863711,0.024630541871921183,0.01834862385321101,0,0,0,0,0,0.0,0.0,0.0,code:fastapi/params.py:__init__:479::__init__,code:fastapi/params.py:__init__:479,__init__,Method,0.003545457070078548,0.0,10,0,5
81,1.0,0,0,0,0,0,0,0,0,0.0,0.0,0.0,0,0,0,0,0,,,,code:fastapi/params.py:__init__:596::__init__,code:fastapi/params.py:__init__:596,__init__,Method,0.003545457070078548,0.0,10,0,0
81,1.0,0,0,0,0,0,0,0,0,0.0,0.0,0.0,0,0,0,0,0,,,,code:fastapi/params.py:__init__:680::__init__,code:fastapi/params.py:__init__:680,__init__,Method,0.003545457070078548,0.0,10,0,0
5,3.0,3,0,1,0,0,0,0,9,0.0967741935483871,0.0,0.0,0,0,0,0,0,0.0,0.0,1.0,code:fastapi/params.py:__init__:764::__init__,code:fastapi/params.py:__init__:764,__init__,Method,0.003545457070078548,0.0,10,0,0
9,3.0,3,0,0,2,0,0,0,9,0.0784313725490196,0.0,0.0,0,0,0,0,0,0.0,0.0,1.0,code:fastapi/params.py:__init__:777::__init__,code:fastapi/params.py:__init__:777,__init__,Method,0.003456416103841599,0.0,9,33,2
1,1.0,0,0,0,0,0,0,0,0,0.0,0.0,0.0,0,0,0,0,0,,,,code:fastapi/params.py:__repr__:134::__repr__,code:fastapi/params.py:__repr__:134,__repr__,Method,0.0027645764221768824,0.0,0,0,0
1,1.0,0,0,0,0,0,0,0,0,0.0,0.0,0.0,0,0,0,0,0,,,,code:fastapi/params.py:__repr__:591::__repr__,code:fastapi/params.py:__repr__:591,__repr__,Method,0.0027645764221768824,0.0,0,0,0
3,2.0,3,0,2,2,0,0,0,8,0.08333333333333333,0.08333333333333333,0.0,0,0,0,0,0,0.0,0.0,0.0,code:fastapi/params.py:__repr__:770::__repr__,code:fastapi/params.py:__repr__:770,__repr__,Method,0.0027645764221768824,0.0,0,0,2
10,1.0,0,0,0,0,0,0,0,0,0.0,0.0,0.0,0,0,0,0,0,,,,code:fastapi/responses.py:ORJSONResponse:35::ORJSONResponse,code:fastapi/responses.py:ORJSONResponse:35,ORJSONResponse,Class,0.0027645764221768824,0.0,0,0,0
8,5.0,4,0,0,0,0,0,0,6,0.14285714285714285,0.09523809523809523,0.0,0,0,0,0,0,0.0,1.0,0.0,code:fastapi/responses.py:UJSONResponse:22::UJSONResponse,code:fastapi/responses.py:UJSONResponse:22,UJSONResponse,Class,0.0027645764221768824,0.0,0,0,0
2,2.0,2,0,0,0,0,0,0,5,0.125,0.0625,0.0,0,0,0,0,0,0.0,0.0,0.0,code:fastapi/responses.py:render:30::render,code:fastapi/responses.py:render:30,render,Method,0.0027645764221768824,0.0,0,0,0
4,1.0,0,0,0,0,0,0,0,0,0.0,0.0,0.0,0,0,0,0,0,,,,code:fastapi/responses.py:render:43::render,code:fastapi/responses.py:render:43,render,Method,0.0027645764221768824,0.0,0,0,0
161,36.0,76,1,51,37,9,2,0,11,0.043133802816901406,0.01584507042253521,0.06832298136645963,0,0,0,0,0,1.0,1.0,1.0,code:fastapi/routing.py:APIRoute:503::APIRoute,code:fastapi/routing.py:APIRoute:503,APIRoute,Class,0.0027645764221768824,0.0,0,7,30
3374,63.0,141,17,32,311,20,4,0,13,0.0705411966300157,0.03784092531772098,0.0038529934795494963,1,0,0,0,1,1.0,1.0,1.0,code:fastapi/routing.py:APIRouter:670::APIRouter,code:fastapi/routing.py:APIRouter:670,APIRouter,Class,0.0027645764221768824,0.0,0,38,29
36,10.0,17,0,11,12,1,1,0,10,0.03333333333333333,0.003703703703703704,0.0,0,0,0,0,0,0.0,0.0,1.0,code:fastapi/routing.py:APIWebSocketRoute:463::APIWebSocketRoute,code:fastapi/routing.py:APIWebSocketRoute:463,APIWebSocketRoute,Class,0.005176618936895648,0.00011931750387781889,2,4,12
31,1.0,0,0,0,0,0,0,0,0,0.0,0.0,0.0,0,0,0,0,0,,,,code:fastapi/routing.py:__init__:464::__init__,code:fastapi/routing.py:__init__:464,__init__,Method,0.003545457070078548,0.0,10,0,0
140,47.0,69,0,48,32,8,2,0,11,0.04892966360856269,0.017329255861365953,0.07857142857142857,0,0,0,0,0,0.0,1.0,1.0,code:fastapi/routing.py:__init__:504::__init__,code:fastapi/routing.py:__init__:504,__init__,Method,0.003545457070078548,0.00040567951318458417,10,3,25
213,8.0,15,0,9,25,1,0,0,12,0.06801470588235294,0.042279411764705885,0.009389671361502348,0,0,0,0,0,1.0,1.0,1.0,code:fastapi/routing.py:__init__:697::__init__,code:fastapi/routing.py:__init__:697,__init__,Method,0.003456416103841599,0.0,9,33,8
13,1.0,7,0,0,2,1,0,0,11,0.031578947368421054,0.0,0.0,1,0,0,0,0,0.0,0.0,0.0,code:fastapi/routing.py:_merge_lifespan_context:201::_merge_lifespan_context,code:fastapi/routing.py:_merge_lifespan_context:201,_merge_lifespan_context,Function,0.0028264236661440303,0.0,1,0,2
45,9.0,13,5,1,12,5,0,0,11,0.03205128205128205,0.00641025641025641,0.08888888888888889,0,0,0,0,0,0.0,0.0,0.0,code:fastapi/routing.py:_prepare_response_content:153::_prepare_response_content,code:fastapi/routing.py:_prepare_response_content:153,_prepare_response_content,Function,0.0027645764221768824,0.0,0,0,8
80,8.0,16,0,9,12,3,0,0,10,0.047244094488188976,0.001968503937007874,0.0,0,0,0,0,0,0.0,1.0,1.0,code:fastapi/routing.py:add_api_route:956::add_api_route,code:fastapi/routing.py:add_api_route:956,add_api_route,Method,0.0027645764221768824,0.0,0,1,9
18,2.0,5,0,2,3,1,0,0,8,0.0449438202247191,0.0,0.0,0,0,0,0,0,0.0,0.0,1.0,code:fastapi/routing.py:add_api_websocket_route:1100::add_api_websocket_route,code:fastapi/routing.py:add_api_websocket_route:1100,add_api_websocket_route,Method,0.0027645764221768824,0.0,0,1,3
59,1.0,4,1,0,4,0,0,0,10,0.061946902654867256,0.0029498525073746312,0.0,0,0,0,0,0,0.0,1.0,1.0,code:fastapi/routing.py:api_route:1038::api_route,code:fastapi/routing.py:api_route:1038,api_route,Method,0.0027645764221768824,0.0,0,0,2
17,1.0,0,0,0,0,0,0,0,0,0.0,0.0,0.0,0,0,0,0,0,,,,code:fastapi/routing.py:app:102::app,code:fastapi/routing.py:app:102,app,Function,0.0027645764221768824,0.0,0,0,0
9,1.0,6,0,2,3,0,0,0,8,0.04918032786885246,0.01639344262295082,0.3333333333333333,0,0,0,0,1,0.0,0.0,0.0,code:fastapi/routing.py:app:137::app,code:fastapi/routing.py:app:137,app,Function,0.0027645764221768824,0.0,0,0,3
5,1.0,3,0,1,1,0,0,0,6,0.07142857142857142,0.03571428571428571,0.4,0,0,0,0,1,0.0,0.0,0.0,code:fastapi/routing.py:app:140::app,code:fastapi/routing.py:app:140,app,Function,0.0027645764221768824,0.0,0,0,1
113,23.0,56,0,26,25,14,0,0,14,0.053406998158379376,0.040515653775322284,0.05309734513274336,0,0,0,0,1,1.0,1.0,0.0,code:fastapi/routing.py:app:315::app,code:fastapi/routing.py:app:315,app,Function,0.0027645764221768824,0.0,0,5,20
18,1.0,0,0,0,0,0,0,0,0,0.0,0.0,0.0,0,0,0,0,0,,,,code:fastapi/routing.py:app:441::app,code:fastapi/routing.py:app:441,app,Function,0.0027645764221768824,0.0,0,0,0
21,1.0,11,0,5,5,1,0,0,8,0.06666666666666667,0.022222222222222223,0.19047619047619047,0,0,0,0,1,1.0,1.0,0.0,code:fastapi/routing.py:app:99::app,code:fastapi/routing.py:app:99,app,Function,0.0027645764221768824,0.0,0,1,5
29,1.0,0,0,0,0,0,0,0,0,0.0,0.0,0.0,0,0,0,0,0,,,,code:fastapi/routing.py:decorator:1068::decorator,code:fastapi/routing.py:decorator:1068,decorator,Function,0.0027645764221768824,0.0,0,0,0
4,1.0,2,0,0,1,0,0,0,6,0.0,0.0,0.0,0,0,0,0,0,0.0,0.0,0.0,code:fastapi/routing.py:decorator:1180::decorator,code:fastapi/routing.py:decorator:1180,decorator,Function,0.0027645764221768824,0.0,0,0,1
3,1.0,0,0,0,0,0,0,0,0,0.0,0.0,0.0,0,0,0,0,0,,,,code:fastapi/routing.py:decorator:1191::decorator,code:fastapi/routing.py:decorator:1191,decorator,Function,0.0027645764221768824,0.0,0,0,0
2,1.0,2,0,0,1,0,0,0,6,0.0,0.0,0.0,0,0,0,0,0,0.0,0.0,0.0,code:fastapi/routing.py:decorator:4510::decorator,code:fastapi/routing.py:decorator:4510,decorator,Function,0.0027645764221768824,0.0,0,0,1
9,1.0,0,0,0,0,0,0,0,0,0.0,0.0,0.0,0,0,0,0,0,,,,code:fastapi/routing.py:decorator:944::decorator,code:fastapi/routing.py:decorator:944,decorator,Function,0.0027645764221768824,0.0,0,0,0
328,1.0,0,0,0,0,0,0,0,0,0.0,0.0,0.0,0,0,0,0,0,,,,code:fastapi/routing.py:delete:2582::delete,code:fastapi/routing.py:delete:2582,delete,Method,0.0027645764221768824,0.0,0,0,0
328,1.0,0,0,0,0,0,0,0,0,0.0,0.0,0.0,0,0,0,0,0,,,,code:fastapi/routing.py:get:1441::get,code:fastapi/routing.py:get:1441,get,Method,0.003748630402922521,0.0,1,0,0
136,4.0,64,1,29,29,15,0,0,15,0.058011049723756904,0.031767955801104975,0.04411764705882353,0,0,1,0,0,1.0,1.0,0.0,code:fastapi/routing.py:get_request_handler:292::get_request_handler,code:fastapi/routing.py:get_request_handler:292,get_request_handler,Function,0.0031003186037128275,0.0004892017658990574,1,5,22
15,1.0,0,0,0,0,0,0,0,0,0.0,0.0,0.0,0,0,1,0,0,,,,code:fastapi/routing.py:get_route_handler:646::get_route_handler,code:fastapi/routing.py:get_route_handler:646,get_route_handler,Method,0.0027645764221768824,0.0,0,0,0
23,1.0,9,0,2,6,1,0,0,9,0.056,0.024,0.0,0,0,1,0,1,0.0,0.0,0.0,code:fastapi/routing.py:get_websocket_app:436::get_websocket_app,code:fastapi/routing.py:get_websocket_app:436,get_websocket_app,Function,0.003864763345749418,3.579525116334566e-05,1,1,6
332,1.0,0,0,0,0,0,0,0,0,0.0,0.0,0.0,0,0,0,0,0,,,,code:fastapi/routing.py:head:3336::head,code:fastapi/routing.py:head:3336,head,Method,0.0027645764221768824,0.0,0,0,0
222,1.0,0,0,0,0,0,0,0,0,0.0,0.0,0.0,0,0,0,0,0,,,,code:fastapi/routing.py:include_router:1197::include_router,code:fastapi/routing.py:include_router:1197,include_router,Method,0.0027645764221768824,0.0,0,0,0
4,2.0,4,0,2,2,1,0,0,7,0.02040816326530612,0.02040816326530612,0.0,0,0,0,0,0,0.0,0.0,0.0,code:fastapi/routing.py:matches:496::matches,code:fastapi/routing.py:matches:496,matches,Method,0.027643652158414873,0.0,3,1,2
4,2.0,4,0,2,2,1,0,0,7,0.02040816326530612,0.02040816326530612,0.0,0,0,0,0,0,0.0,0.0,0.0,code:fastapi/routing.py:matches:663::matches,code:fastapi/routing.py:matches:663,matches,Method,0.027643652158414873,0.0,3,1,2
10,1.0,0,0,0,0,0,0,0,0,0.0,0.0,0.0,0,0,0,0,0,,,,code:fastapi/routing.py:merged_lifespan:204::merged_lifespan,code:fastapi/routing.py:merged_lifespan:204,merged_lifespan,Function,0.0027645764221768824,0.0,0,0,0
27,1.0,5,1,0,3,0,0,0,8,0.05454545454545454,0.05454545454545454,0.0,1,0,0,0,0,0.0,0.0,0.0,code:fastapi/routing.py:on_event:4482::on_event,code:fastapi/routing.py:on_event:4482,on_event,Method,0.0027645764221768824,0.0,0,0,3
328,1.0,0,0,0,0,0,0,0,0,0.0,0.0,0.0,0,0,0,0,0,,,,code:fastapi/routing.py:options:2959::options,code:fastapi/routing.py:options:2959,options,Method,0.0027645764221768824,0.0,0,0,0
332,1.0,0,0,0,0,0,0,0,0,0.0,0.0,0.0,0,0,0,0,0,,,,code:fastapi/routing.py:patch:3718::patch,code:fastapi/routing.py:patch:3718,patch,Method,0.0027645764221768824,0.0,0,0,0
332,1.0,0,0,0,0,0,0,0,0,0.0,0.0,0.0,0,0,0,0,0,,,,code:fastapi/routing.py:post:2200::post,code:fastapi/routing.py:post:2200,post,Method,0.0027645764221768824,0.0,0,0,0
332,1.0,0,0,0,0,0,0,0,0,0.0,0.0,0.0,0,0,0,0,0,,,,code:fastapi/routing.py:put:1818::put,code:fastapi/routing.py:put:1818,put,Method,0.0027645764221768824,0.0,0,0,0
33,2.0,15,0,5,9,1,0,0,10,0.04046242774566474,0.017341040462427744,0.15151515151515152,0,0,0,0,0,1.0,1.0,0.0,code:fastapi/routing.py:request_response:88::request_response,code:fastapi/routing.py:request_response:88,request_response,Function,0.0031003186037128275,1.1931750387781888e-05,1,1,8
16,1.0,4,1,0,1,0,0,0,7,0.041666666666666664,0.0,0.0,0,0,0,0,0,0.0,0.0,0.0,code:fastapi/routing.py:route:937::route,code:fastapi/routing.py:route:937,route,Method,0.0027645764221768824,0.0,0,0,1
9,1.0,0,0,0,0,0,0,0,0,0.0,0.0,0.0,0,0,0,0,0,,,,code:fastapi/routing.py:run_endpoint_function:279::run_endpoint_function,code:fastapi/routing.py:run_endpoint_function:279,run_endpoint_function,Function,0.0037617395063709097,0.0,2,0,0
56,1.0,0,0,0,0,0,0,0,0,0.0,0.0,0.0,0,0,0,0,0,,,,code:fastapi/routing.py:serialize_response:218::serialize_response,code:fastapi/routing.py:serialize_response:218,serialize_response,Function,0.0037617395063709097,0.0,2,0,0
332,1.0,0,0,0,0,0,0,0,0,0.0,0.0,0.0,0,0,0,0,0,,,,code:fastapi/routing.py:trace:4100::trace,code:fastapi/routing.py:trace:4100,trace,Method,0.0027645764221768824,0.0,0,0,0
55,1.0,5,1,0,4,0,0,0,10,0.06060606060606061,0.04040404040404041,0.01818181818181818,0,0,0,0,0,0.0,0.0,1.0,code:fastapi/routing.py:websocket:1121::websocket,code:fastapi/routing.py:websocket:1121,websocket,Method,0.0027645764221768824,0.0,0,0,2
6,1.0,4,1,0,1,0,0,0,7,0.03773584905660377,0.0,0.0,0,0,0,0,0,0.0,0.0,0.0,code:fastapi/routing.py:websocket_route:1188::websocket_route,code:fastapi/routing.py:websocket_route:1188,websocket_route,Method,0.0027645764221768824,0.0,0,0,1
18,1.0,9,0,2,5,0,0,0,9,0.050505050505050504,0.020202020202020204,0.2777777777777778,0,0,0,0,0,0.0,0.0,0.0,code:fastapi/routing.py:websocket_session:129::websocket_session,code:fastapi/routing.py:websocket_session:129,websocket_session,Function,0.003864763345749418,0.0,1,0,4
9,7.0,6,1,0,1,2,0,0,9,0.046511627906976744,0.023255813953488372,0.0,1,0,0,0,0,0.0,0.0,0.0,code:fastapi/security/api_key.py:APIKeyBase:10::APIKeyBase,code:fastapi/security/api_key.py:APIKeyBase:10,APIKeyBase,Class,0.0027645764221768824,0.0,0,1,1
68,6.0,8,0,3,6,0,0,0,9,0.06206896551724138,0.041379310344827586,0.029411764705882353,0,0,0,0,0,1.0,0.0,1.0,code:fastapi/security/api_key.py:APIKeyCookie:202::APIKeyCookie,code:fastapi/security/api_key.py:APIKeyCookie:202,APIKeyCookie,Class,0.0027645764221768824,0.0,0,1,3
68,6.0,8,0,3,6,0,0,0,9,0.06206896551724138,0.041379310344827586,0.029411764705882353,0,0,0,0,0,1.0,0.0,1.0,code:fastapi/security/api_key.py:APIKeyHeader:114::APIKeyHeader,code:fastapi/security/api_key.py:APIKeyHeader:114,APIKeyHeader,Class,0.0027645764221768824,0.0,0,1,3
72,6.0,8,0,3,6,0,0,0,9,0.06206896551724138,0.041379310344827586,0.027777777777777776,0,0,0,0,0,1.0,0.0,1.0,code:fastapi/security/api_key.py:APIKeyQuery:22::APIKeyQuery,code:fastapi/security/api_key.py:APIKeyQuery:22,APIKeyQuery,Class,0.0027645764221768824,0.0,0,1,3
2,1.0,2,0,1,1,0,0,0,7,0.0,0.0,0.0,0,0,0,0,0,1.0,0.0,0.0,code:fastapi/security/api_key.py:__call__:109::__call__,code:fastapi/security/api_key.py:__call__:109,__call__,Method,0.0029028232028093306,0.0,1,0,1
2,1.0,2,0,1,1,0,0,0,7,0.0,0.0,0.0,0,0,0,0,0,1.0,0.0,0.0,code:fastapi/security/api_key.py:__call__:197::__call__,code:fastapi/security/api_key.py:__call__:197,__call__,Method,0.0029028232028093306,0.0,1,0,1
2,1.0,2,0,1,1,0,0,0,7,0.0,0.0,0.0,0,0,0,0,0,1.0,0.0,0.0,code:fastapi/security/api_key.py:__call__:285::__call__,code:fastapi/security/api_key.py:__call__:285,__call__,Method,0.0029028232028093306,0.0,1,0,1
44,2.0,3,0,1,5,0,0,0,8,0.0761904761904762,0.047619047619047616,0.0,0,0,0,0,0,0.0,0.0,0.0,code:fastapi/security/api_key.py:__init__:146::__init__,code:fastapi/security/api_key.py:__init__:146,__init__,Method,0.003545457070078548,5.170425168038818e-05,10,1,2
44,2.0,3,0,1,5,0,0,0,8,0.0761904761904762,0.047619047619047616,0.0,0,0,0,0,0,0.0,0.0,0.0,code:fastapi/security/api_key.py:__init__:234::__init__,code:fastapi/security/api_key.py:__init__:234,__init__,Method,0.003545457070078548,5.170425168038818e-05,10,1,2
48,2.0,3,0,1,5,0,0,0,8,0.0761904761904762,0.047619047619047616,0.0,0,0,0,0,0,0.0,0.0,0.0,code:fastapi/security/api_key.py:__init__:54::__init__,code:fastapi/security/api_key.py:__init__:54,__init__,Method,0.003545457070078548,5.170425168038818e-05,10,1,2
9,7.0,6,1,0,1,2,0,0,9,0.046511627906976744,0.023255813953488372,0.0,1,0,1,0,0,0.0,0.0,0.0,code:fastapi/security/api_key.py:check_api_key:11::check_api_key,code:fastapi/security/api_key.py:check_api_key:11,check_api_key,Method,0.0027645764221768824,0.0,0,1,1
2,1.0,2,0,0,0,0,0,0,4,0.0,0.0,0.0,0,0,0,0,0,0.0,0.0,0.0,code:fastapi/security/base.py:SecurityBase:3::SecurityBase,code:fastapi/security/base.py:SecurityBase:3,SecurityBase,Class,0.0027645764221768824,0.0,0,0,0
30,1.0,0,0,0,0,0,0,0,0,0.0,0.0,0.0,0,0,0,0,0,,,,code:fastapi/security/http.py:HTTPAuthorizationCredentials:28::HTTPAuthorizationCredentials,code:fastapi/security/http.py:HTTPAuthorizationCredentials:28,HTTPAuthorizationCredentials,Class,0.0027645764221768824,0.0,0,0,0
24,12.0,12,1,5,4,2,0,0,9,0.046875,0.015625,0.0,0,0,0,0,0,1.0,0.0,0.0,code:fastapi/security/http.py:HTTPBase:68::HTTPBase,code:fastapi/security/http.py:HTTPBase:68,HTTPBase,Class,0.0027645764221768824,0.0,0,2,4
102,15.0,24,1,11,13,4,0,0,10,0.07971014492753623,0.06159420289855073,0.0196078431372549,0,0,0,0,0,1.0,0.0,1.0,code:fastapi/security/http.py:HTTPBasic:96::HTTPBasic,code:fastapi/security/http.py:HTTPBasic:96,HTTPBasic,Class,0.0027645764221768824,0.0,0,2,9
8,1.0,3,0,0,1,0,0,0,7,0.09523809523809523,0.09523809523809523,0.0,0,0,0,0,0,0.0,0.0,0.0,code:fastapi/security/http.py:HTTPBasicCredentials:15::HTTPBasicCredentials,code:fastapi/security/http.py:HTTPBasicCredentials:15,HTTPBasicCredentials,Class,0.0027645764221768824,0.0,0,0,1
84,15.0,17,2,5,10,4,0,0,9,0.075,0.045,0.023809523809523808,0,0,0,0,0,1.0,0.0,1.0,code:fastapi/security/http.py:HTTPBearer:219::HTTPBearer,code:fastapi/security/http.py:HTTPBearer:219,HTTPBearer,Class,0.0027645764221768824,0.0,0,2,6
82,15.0,17,2,5,9,4,0,0,9,0.07734806629834254,0.049723756906077346,0.024390243902439025,0,0,0,0,0,1.0,0.0,1.0,code:fastapi/security/http.py:HTTPDigest:323::HTTPDigest,code:fastapi/security/http.py:HTTPDigest:323,HTTPDigest,Class,0.0027645764221768824,0.0,0,2,6
30,7.0,17,1,7,8,4,0,0,9,0.0759493670886076,0.06962025316455696,0.0,0,0,0,0,0,1.0,0.0,0.0,code:fastapi/security/http.py:__call__:186::__call__,code:fastapi/security/http.py:__call__:186,__call__,Method,0.0029028232028093306,3.4800938631030503e-06,1,2,7
20,7.0,11,2,2,5,4,0,0,8,0.06818181818181818,0.045454545454545456,0.0,0,0,0,0,0,1.0,0.0,0.0,code:fastapi/security/http.py:__call__:300::__call__,code:fastapi/security/http.py:__call__:300,__call__,Method,0.0029028232028093306,3.4800938631030503e-06,1,2,4
20,7.0,11,2,2,5,4,0,0,8,0.06818181818181818,0.045454545454545456,0.0,0,0,0,0,0,1.0,0.0,0.0,code:fastapi/security/http.py:__call__:402::__call__,code:fastapi/security/http.py:__call__:402,__call__,Method,0.0029028232028093306,3.4800938631030503e-06,1,2,4
12,5.0,7,1,2,3,2,0,0,8,0.047619047619047616,0.031746031746031744,0.0,0,0,0,0,0,1.0,0.0,0.0,code:fastapi/security/http.py:__call__:81::__call__,code:fastapi/security/http.py:__call__:81,__call__,Method,0.0029028232028093306,3.4800938631030503e-06,1,2,3
50,2.0,4,0,3,5,0,0,0,8,0.08411214953271028,0.04672897196261682,0.0,0,0,0,0,0,0.0,0.0,0.0,code:fastapi/security/http.py:__init__:129::__init__,code:fastapi/security/http.py:__init__:129,__init__,Method,0.003545457070078548,0.0,10,0,2
42,2.0,3,0,2,5,0,0,0,8,0.07920792079207921,0.039603960396039604,0.0,0,0,0,0,0,0.0,0.0,0.0,code:fastapi/security/http.py:__init__:251::__init__,code:fastapi/security/http.py:__init__:251,__init__,Method,0.003545457070078548,0.0,10,0,2
40,2.0,3,0,2,4,0,0,0,8,0.08536585365853659,0.04878048780487805,0.0,0,0,0,0,0,0.0,0.0,0.0,code:fastapi/security/http.py:__init__:355::__init__,code:fastapi/security/http.py:__init__:355,__init__,Method,0.003545457070078548,0.0,10,0,2
11,5.0,4,0,2,1,0,0,0,8,0.05084745762711865,0.0,0.0,0,0,0,0,0,0.0,0.0,0.0,code:fastapi/security/http.py:__init__:69::__init__,code:fastapi/security/http.py:__init__:69,__init__,Method,0.003545457070078548,0.0,10,0,1
71,9.0,12,1,4,9,2,0,0,14,0.059782608695652176,0.03804347826086957,0.0,0,0,0,0,0,1.0,0.0,0.0,code:fastapi/security/oauth2.py:OAuth2:307::OAuth2,code:fastapi/security/oauth2.py:OAuth2:307,OAuth2,Class,0.0027645764221768824,0.0,0,1,6
100,10.0,14,1,4,14,3,0,0,11,0.09090909090909091,0.06611570247933884,0.0,0,0,0,0,0,1.0,0.0,0.0,code:fastapi/security/oauth2.py:OAuth2AuthorizationCodeBearer:502::OAuth2AuthorizationCodeBearer,code:fastapi/security/oauth2.py:OAuth2AuthorizationCodeBearer:502,OAuth2AuthorizationCodeBearer,Class,0.0027645764221768824,0.0,0,36,9
101,10.0,14,1,4,14,3,0,0,11,0.08898305084745763,0.0635593220338983,0.0,0,0,0,0,0,1.0,0.0,0.0,code:fastapi/security/oauth2.py:OAuth2PasswordBearer:390::OAuth2PasswordBearer,code:fastapi/security/oauth2.py:OAuth2PasswordBearer:390,OAuth2PasswordBearer,Class,0.0027645764221768824,0.0,0,36,9
118,3.0,8,0,5,13,0,0,0,10,0.10795454545454546,0.07386363636363637,0.00847457627118644,0,0,0,0,0,0.0,0.0,1.0,code:fastapi/security/oauth2.py:OAuth2PasswordRequestForm:15::OAuth2PasswordRequestForm,code:fastapi/security/oauth2.py:OAuth2PasswordRequestForm:15,OAuth2PasswordRequestForm,Class,0.0027645764221768824,0.0,0,2,3
135,1.0,0,0,0,0,0,0,0,0,0.0,0.0,0.0,0,0,0,0,0,,,,code:fastapi/security/oauth2.py:OAuth2PasswordRequestFormStrict:151::OAuth2PasswordRequestFormStrict,code:fastapi/security/oauth2.py:OAuth2PasswordRequestFormStrict:151,OAuth2PasswordRequestFormStrict,Class,0.0027645764221768824,0.0,0,0,0
37,1.0,0,0,0,0,0,0,0,0,0.0,0.0,0.0,0,0,0,0,0,,,,code:fastapi/security/oauth2.py:SecurityScopes:612::SecurityScopes,code:fastapi/security/oauth2.py:SecurityScopes:612,SecurityScopes,Class,0.0027645764221768824,0.0,0,0,0
9,3.0,6,1,1,2,2,0,0,8,0.06666666666666667,0.044444444444444446,0.0,0,0,0,0,0,1.0,0.0,0.0,code:fastapi/security/oauth2.py:__call__:378::__call__,code:fastapi/security/oauth2.py:__call__:378,__call__,Method,0.0029028232028093306,1.491468798472736e-06,1,1,2
12,4.0,7,1,2,4,2,0,0,8,0.08450704225352113,0.07042253521126761,0.0,0,0,0,0,0,1.0,0.0,0.0,code:fastapi/security/oauth2.py:__call__:487::__call__,code:fastapi/security/oauth2.py:__call__:487,__call__,Method,0.0029028232028093306,3.4800938631030503e-06,1,2,4
12,4.0,7,1,2,4,2,0,0,8,0.08450704225352113,0.07042253521126761,0.0,0,0,0,0,0,1.0,0.0,0.0,code:fastapi/security/oauth2.py:__call__:597::__call__,code:fastapi/security/oauth2.py:__call__:597,__call__,Method,0.0029028232028093306,3.4800938631030503e-06,1,2,4
85,1.0,0,0,0,0,0,0,0,0,0.0,0.0,0.0,0,0,0,0,0,,,,code:fastapi/security/oauth2.py:__init__:215::__init__,code:fastapi/security/oauth2.py:__init__:215,__init__,Method,0.003545457070078548,0.0,10,0,0
51,2.0,3,0,2,7,0,0,0,13,0.0546875,0.03125,0.0,0,0,0,0,0,0.0,0.0,0.0,code:fastapi/security/oauth2.py:__init__:320::__init__,code:fastapi/security/oauth2.py:__init__:320,__init__,Method,0.003545457070078548,0.0,10,0,4
81,1.0,0,0,0,0,0,0,0,0,0.0,0.0,0.0,0,0,0,0,0,,,,code:fastapi/security/oauth2.py:__init__:399::__init__,code:fastapi/security/oauth2.py:__init__:399,__init__,Method,0.003545457070078548,0.0,10,0,0
82,1.0,0,0,0,0,0,0,0,0,0.0,0.0,0.0,0,0,0,0,0,,,,code:fastapi/security/oauth2.py:__init__:508::__init__,code:fastapi/security/oauth2.py:__init__:508,__init__,Method,0.003545457070078548,0.0,10,0,0
84,1.0,6,0,5,13,0,0,0,9,0.10404624277456648,0.06936416184971098,0.0,0,0,0,0,0,0.0,0.0,0.0,code:fastapi/security/oauth2.py:__init__:60::__init__,code:fastapi/security/oauth2.py:__init__:60,__init__,Method,0.003545457070078548,0.0003102255100823291,10,2,3
27,1.0,0,0,0,0,0,0,0,0,0.0,0.0,0.0,0,0,0,0,0,,,,code:fastapi/security/oauth2.py:__init__:625::__init__,code:fastapi/security/oauth2.py:__init__:625,__init__,Method,0.003545457070078548,0.0,10,0,0
66,9.0,12,1,4,7,2,0,0,9,0.07236842105263158,0.046052631578947366,0.0,0,0,0,0,0,1.0,0.0,0.0,code:fastapi/security/open_id_connect_url.py:OpenIdConnect:10::OpenIdConnect,code:fastapi/security/open_id_connect_url.py:OpenIdConnect:10,OpenIdConnect,Class,0.0027645764221768824,0.0,0,1,4
9,3.0,6,1,1,2,2,0,0,8,0.06666666666666667,0.044444444444444446,0.0,0,0,0,0,0,1.0,0.0,0.0,code:fastapi/security/open_id_connect_url.py:__call__:74::__call__,code:fastapi/security/open_id_connect_url.py:__call__:74,__call__,Method,0.0029028232028093306,1.491468798472736e-06,1,1,2
51,2.0,3,0,2,5,0,0,0,8,0.07291666666666667,0.041666666666666664,0.0,0,0,0,0,0,0.0,0.0,0.0,code:fastapi/security/open_id_connect_url.py:__init__:16::__init__,code:fastapi/security/open_id_connect_url.py:__init__:16,__init__,Method,0.003545457070078548,0.0,10,0,2
6,2.0,4,1,1,1,1,0,0,6,0.06666666666666667,0.06666666666666667,0.0,0,0,1,1,0,0.0,0.0,0.0,code:fastapi/security/utils.py:get_authorization_scheme_param:3::get_authorization_scheme_param,code:fastapi/security/utils.py:get_authorization_scheme_param:3,get_authorization_scheme_param,Function,0.014998702854501198,0.0,12,0,1
52,11.0,38,1,27,12,7,1,0,9,0.010752688172043012,0.002688172043010753,0.038461538461538464,0,0,0,1,0,0.0,0.0,0.0,code:fastapi/utils.py:create_cloned_field:108::create_cloned_field,code:fastapi/utils.py:create_cloned_field:108,create_cloned_field,Function,0.004105001566017429,0.0,2,1,10
43,1.0,0,0,0,0,0,0,0,0,0.0,0.0,0.0,0,0,0,0,0,,,,code:fastapi/utils.py:create_model_field:62::create_model_field,code:fastapi/utils.py:create_model_field:62,create_model_field,Function,0.00759474030993739,0.0,3,0,0
15,1.0,0,0,0,0,0,0,0,0,0.0,0.0,0.0,0,0,0,0,0,,,,code:fastapi/utils.py:deep_dict_update:187::deep_dict_update,code:fastapi/utils.py:deep_dict_update:187,deep_dict_update,Function,0.0034726489891529705,0.0,1,0,0
12,1.0,5,0,3,3,0,0,0,8,0.08196721311475409,0.06557377049180328,0.0,0,0,0,1,0,0.0,0.0,0.0,code:fastapi/utils.py:generate_operation_id_for_path:164::generate_operation_id_for_path,code:fastapi/utils.py:generate_operation_id_for_path:164,generate_operation_id_for_path,Function,0.0027645764221768824,0.0,0,0,3
5,2.0,5,0,3,3,0,0,0,11,0.08333333333333333,0.06666666666666667,0.0,0,0,0,1,0,0.0,0.0,0.0,code:fastapi/utils.py:generate_unique_id:179::generate_unique_id,code:fastapi/utils.py:generate_unique_id:179,generate_unique_id,Function,0.0027645764221768824,0.0,0,0,3
1,1.0,0,0,0,0,0,0,0,0,0.0,0.0,0.0,0,0,1,0,0,,,,code:fastapi/utils.py:get_path_param_names:58::get_path_param_names,code:fastapi/utils.py:get_path_param_names:58,get_path_param_names,Function,0.0027645764221768824,0.0,0,0,0
13,3.0,6,1,1,1,1,1,0,7,0.015151515151515152,0.015151515151515152,0.0,0,0,1,1,0,0.0,0.0,0.0,code:fastapi/utils.py:get_value_or_default:205::get_value_or_default,code:fastapi/utils.py:get_value_or_default:205,get_value_or_default,Function,0.005176618936895648,0.0,2,0,1
14,3.0,6,2,1,1,2,0,0,7,0.2127659574468085,0.1276595744680851,0.07142857142857142,0,0,0,1,0,0.0,0.0,0.0,code:fastapi/utils.py:is_body_allowed_for_status_code:41::is_body_allowed_for_status_code,code:fastapi/utils.py:is_body_allowed_for_status_code:41,is_body_allowed_for_status_code,Function,0.005810237217187543,0.0,5,0,1
0,1.0,0,0,0,0,0,0,0,0,0.0,0.0,0.0,0,0,0,0,1,0.0,0.0,0.0,file:fastapi/applications.py::applications.py,file:fastapi/applications.py,applications.py,File,0.0027645764221768824,0.0,0,0,0
0,1.0,0,0,0,0,0,0,0,0,0.0,0.0,0.0,0,0,0,0,0,0.0,0.0,0.0,file:fastapi/encoders.py::encoders.py,file:fastapi/encoders.py,encoders.py,File,0.0027645764221768824,0.0,0,0,0
0,1.0,0,0,0,0,0,0,0,0,0.0,0.0,0.0,0,0,0,0,1,0.0,0.0,0.0,file:fastapi/exception_handlers.py::exception_handlers.py,file:fastapi/exception_handlers.py,exception_handlers.py,File,0.0027645764221768824,0.0,0,0,0
0,1.0,0,0,0,0,0,0,0,0,0.0,0.0,0.0,0,0,0,0,0,0.0,0.0,0.0,file:fastapi/exceptions.py::exceptions.py,file:fastapi/exceptions.py,exceptions.py,File,0.0027645764221768824,0.0,0,0,0
0,1.0,0,0,0,0,0,0,0,0,0.0,0.0,0.0,0,0,1,0,0,0.0,0.0,0.0,file:fastapi/logger.py::logger.py,file:fastapi/logger.py,logger.py,File,0.0027645764221768824,0.0,0,0,0
0,1.0,0,0,0,0,0,0,0,0,0.0,0.0,0.0,0,0,0,0,0,0.0,0.0,0.0,file:fastapi/middleware/__init__.py::__init__.py,file:fastapi/middleware/__init__.py,__init__.py,File,0.0027645764221768824,0.0,0,0,0
0,1.0,0,0,0,0,0,0,0,0,0.0,0.0,0.0,0,0,0,0,0,0.0,0.0,0.0,file:fastapi/middleware/asyncexitstack.py::asyncexitstack.py,file:fastapi/middleware/asyncexitstack.py,asyncexitstack.py,File,0.0027645764221768824,0.0,0,0,0
0,1.0,0,0,0,0,0,0,0,0,0.0,0.0,0.0,0,0,0,0,0,0.0,0.0,0.0,file:fastapi/middleware/cors.py::cors.py,file:fastapi/middleware/cors.py,cors.py,File,0.0027645764221768824,0.0,0,0,0
0,1.0,0,0,0,0,0,0,0,0,0.0,0.0,0.0,0,0,0,0,0,0.0,0.0,0.0,file:fastapi/middleware/gzip.py::gzip.py,file:fastapi/middleware/gzip.py,gzip.py,File,0.0027645764221768824,0.0,0,0,0
0,1.0,0,0,0,0,0,0,0,0,0.0,0.0,0.0,0,0,0,0,0,0.0,0.0,0.0,file:fastapi/middleware/httpsredirect.py::httpsredirect.py,file:fastapi/middleware/httpsredirect.py,httpsredirect.py,File,0.0027645764221768824,0.0,0,0,0
0,1.0,0,0,0,0,0,0,0,0,0.0,0.0,0.0,0,0,0,0,0,0.0,0.0,0.0,file:fastapi/middleware/trustedhost.py::trustedhost.py,file:fastapi/middleware/trustedhost.py,trustedhost.py,File,0.0027645764221768824,0.0,0,0,0
0,1.0,0,0,0,0,0,0,0,0,0.0,0.0,0.0,0,0,0,0,0,0.0,0.0,0.0,file:fastapi/middleware/wsgi.py::wsgi.py,file:fastapi/middleware/wsgi.py,wsgi.py,File,0.0027645764221768824,0.0,0,0,0
0,1.0,0,0,0,0,0,0,0,0,0.0,0.0,0.0,0,0,0,0,0,0.0,0.0,0.0,file:fastapi/openapi/__init__.py::__init__.py,file:fastapi/openapi/__init__.py,__init__.py,File,0.0027645764221768824,0.0,0,0,0
0,1.0,0,0,0,0,0,0,0,0,0.0,0.0,0.0,0,0,0,0,0,0.0,0.0,0.0,file:fastapi/openapi/constants.py::constants.py,file:fastapi/openapi/constants.py,constants.py,File,0.0027645764221768824,0.0,0,0,0
0,1.0,0,0,0,0,0,0,0,0,0.0,0.0,0.0,0,0,0,0,0,0.0,0.0,0.0,file:fastapi/openapi/docs.py::docs.py,file:fastapi/openapi/docs.py,docs.py,File,0.0027645764221768824,0.0,0,0,0
0,1.0,0,0,0,0,0,0,0,0,0.0,0.0,0.0,0,0,0,1,0,0.0,0.0,0.0,file:fastapi/openapi/models.py::models.py,file:fastapi/openapi/models.py,models.py,File,0.0027645764221768824,0.0,0,0,0
0,1.0,0,0,0,0,0,0,0,0,0.0,0.0,0.0,0,0,1,1,0,0.0,0.0,0.0,file:fastapi/openapi/utils.py::utils.py,file:fastapi/openapi/utils.py,utils.py,File,0.0027645764221768824,0.0,0,0,0
0,1.0,0,0,0,0,0,0,0,0,0.0,0.0,0.0,0,0,0,0,0,0.0,0.0,0.0,file:fastapi/param_functions.py::param_functions.py,file:fastapi/param_functions.py,param_functions.py,File,0.0027645764221768824,0.0,0,0,0
0,1.0,0,0,0,0,0,0,0,0,0.0,0.0,0.0,0,0,0,0,0,0.0,0.0,0.0,file:fastapi/params.py::params.py,file:fastapi/params.py,params.py,File,0.0027645764221768824,0.0,0,0,0
0,1.0,0,0,0,0,0,0,0,0,0.0,0.0,0.0,0,0,0,0,0,0.0,0.0,0.0,file:fastapi/requests.py::requests.py,file:fastapi/requests.py,requests.py,File,0.0027645764221768824,0.0,0,0,0
0,1.0,0,0,0,0,0,0,0,0,0.0,0.0,0.0,0,0,0,0,0,0.0,0.0,0.0,file:fastapi/responses.py::responses.py,file:fastapi/responses.py,responses.py,File,0.0027645764221768824,0.0,0,0,0
0,1.0,0,0,0,0,0,0,0,0,0.0,0.0,0.0,0,0,0,0,0,0.0,0.0,0.0,file:fastapi/routing.py::routing.py,file:fastapi/routing.py,routing.py,File,0.0027645764221768824,0.0,0,0,0
0,1.0,0,0,0,0,0,0,0,0,0.0,0.0,0.0,0,0,0,0,0,0.0,0.0,0.0,file:fastapi/security/__init__.py::__init__.py,file:fastapi/security/__init__.py,__init__.py,File,0.0027645764221768824,0.0,0,0,0
0,1.0,0,0,0,0,0,0,0,0,0.0,0.0,0.0,0,0,0,0,0,0.0,0.0,0.0,file:fastapi/security/api_key.py::api_key.py,file:fastapi/security/api_key.py,api_key.py,File,0.0027645764221768824,0.0,0,0,0
0,1.0,0,0,0,0,0,0,0,0,0.0,0.0,0.0,0,0,0,0,0,0.0,0.0,0.0,file:fastapi/security/base.py::base.py,file:fastapi/security/base.py,base.py,File,0.0027645764221768824,0.0,0,0,0
0,1.0,0,0,0,0,0,0,0,0,0.0,0.0,0.0,0,0,0,0,0,0.0,0.0,0.0,file:fastapi/security/http.py::http.py,file:fastapi/security/http.py,http.py,File,0.0027645764221768824,0.0,0,0,0
0,1.0,0,0,0,0,0,0,0,0,0.0,0.0,0.0,0,0,0,0,0,0.0,0.0,0.0,file:fastapi/security/oauth2.py::oauth2.py,file:fastapi/security/oauth2.py,oauth2.py,File,0.0027645764221768824,0.0,0,0,0
0,1.0,0,0,0,0,0,0,0,0,0.0,0.0,0.0,0,0,0,0,0,0.0,0.0,0.0,file:fastapi/security/open_id_connect_url.py::open_id_connect_url.py,file:fastapi/security/open_id_connect_url.py,open_id_connect_url.py,File,0.0027645764221768824,0.0,0,0,0
0,1.0,0,0,0,0,0,0,0,0,0.0,0.0,0.0,0,0,1,1,0,0.0,0.0,0.0,file:fastapi/security/utils.py::utils.py,file:fastapi/security/utils.py,utils.py,File,0.0027645764221768824,0.0,0,0,0
0,1.0,0,0,0,0,0,0,0,0,0.0,0.0,0.0,0,0,0,0,0,0.0,0.0,0.0,file:fastapi/staticfiles.py::staticfiles.py,file:fastapi/staticfiles.py,staticfiles.py,File,0.0027645764221768824,0.0,0,0,0
0,1.0,0,0,0,0,0,0,0,0,0.0,0.0,0.0,0,0,0,0,0,0.0,0.0,0.0,file:fastapi/templating.py::templating.py,file:fastapi/templating.py,templating.py,File,0.0027645764221768824,0.0,0,0,0
0,1.0,0,0,0,0,0,0,0,0,0.0,0.0,0.0,0,0,0,0,0,0.0,0.0,0.0,file:fastapi/testclient.py::testclient.py,file:fastapi/testclient.py,testclient.py,File,0.0027645764221768824,0.0,0,0,0
0,1.0,0,0,0,0,0,0,0,0,0.0,0.0,0.0,0,0,0,0,0,0.0,0.0,0.0,file:fastapi/types.py::types.py,file:fastapi/types.py,types.py,File,0.0027645764221768824,0.0,0,0,0
0,1.0,0,0,0,0,0,0,0,0,0.0,0.0,0.0,0,0,1,1,0,0.0,0.0,0.0,file:fastapi/utils.py::utils.py,file:fastapi/utils.py,utils.py,File,0.0027645764221768824,0.0,0,0,0
0,1.0,0,0,0,0,0,0,0,0,0.0,0.0,0.0,0,0,0,0,0,0.0,0.0,0.0,file:fastapi/websockets.py::websockets.py,file:fastapi/websockets.py,websockets.py,File,0.0027645764221768824,0.0,0,0,0
0,1.0,0,0,0,0,0,0,0,0,0.0,0.0,0.0,0,0,0,0,0,0.0,0.0,0.0,folder:fastapi::fastapi,folder:fastapi,fastapi,Folder,0.0027645764221768824,0.0,0,0,0
0,1.0,0,0,0,0,0,0,0,0,0.0,0.0,0.0,0,0,0,0,0,0.0,0.0,0.0,folder:fastapi/middleware::middleware,folder:fastapi/middleware,middleware,Folder,0.0027645764221768824,0.0,0,0,0
0,1.0,0,0,0,0,0,0,0,0,0.0,0.0,0.0,0,0,0,0,0,0.0,0.0,0.0,folder:fastapi/openapi::openapi,folder:fastapi/openapi,openapi,Folder,0.0027645764221768824,0.0,0,0,0
0,1.0,0,0,0,0,0,0,0,0,0.0,0.0,0.0,0,0,0,0,0,0.0,0.0,0.0,folder:fastapi/security::security,folder:fastapi/security,security,Folder,0.0027645764221768824,0.0,0,0,0
0,1.0,0,0,0,0,0,0,0,0,0.0,0.0,0.0,0,0,0,0,0,0.0,0.0,0.0,workspace:root::fastapi,workspace:root,fastapi,Workspace,0.0027645764221768824,0.0,0,0,0
